Held_Out_Subject,Raw_Acc,Raw_F1,Causal5_Acc,Causal5_F1,Total_Min
1,0.1646,0.1393,0.1838,0.1549,24.43
2,0.124332,0.10366,0.13386,0.10773,27.218877
3,0.146627,0.140549,0.152798,0.1398,25.284543
4,0.120191,0.121386,0.144303,0.144616,25.638989
5,0.164719,0.155959,0.167223,0.154904,25.037646
6,0.182153,0.171013,0.221251,0.200973,25.810762
7,0.05119,0.024539,0.050469,0.019961,25.807609
8,0.181168,0.151489,0.204052,0.169792,25.929638
9,0.202137,0.199733,0.229394,0.229398,27.531833
10,0.096369,0.088515,0.105148,0.089142,27.049173
11,0.153073,0.144097,0.179976,0.17485,27.39567
12,0.101098,0.109052,0.116014,0.117478,27.442268
13,0.141052,0.121365,0.150077,0.126215,26.771705
14,0.151161,0.158972,0.165356,0.174857,26.561982
15,0.216803,0.20753,0.270159,0.251168,26.466286
16,0.028657,0.039045,0.026808,0.039937,25.150629
17,0.098405,0.095908,0.113447,0.112117,24.157462
18,0.156238,0.157344,0.173872,0.172705,24.6802
19,0.189424,0.189171,0.216808,0.207863,24.694252
20,0.038573,0.031935,0.038814,0.028926,24.239174
21,0.149371,0.148203,0.172788,0.174103,27.425887
22,0.145774,0.121111,0.159307,0.121351,27.313922
23,0.082124,0.059542,0.087516,0.064794,25.705137
24,0.106301,0.104949,0.12439,0.12785,25.821558
25,0.220804,0.229339,0.260775,0.259727,27.042041
26,0.146217,0.139529,0.169914,0.162094,27.210547
27,0.244643,0.250221,0.288203,0.292512,26.309613
28,0.177281,0.16075,0.197348,0.171791,25.144233
29,0.22262,0.206088,0.251014,0.229159,26.193758
30,0.203056,0.200906,0.227414,0.219585,25.119718
31,0.07684,0.071483,0.074128,0.071948,25.414954
32,0.16813,0.166454,0.192366,0.190208,24.958524
33,0.201701,0.213628,0.216816,0.233593,24.930532
34,0.210381,0.196741,0.247588,0.224992,24.400683
35,0.161059,0.147175,0.169649,0.158474,24.475133
36,0.187808,0.16419,0.209848,0.175284,25.287472
37,0.09075,0.067606,0.101876,0.073389,24.321019
38,0.147648,0.143121,0.153644,0.146885,24.418234
39,0.140593,0.138766,0.175913,0.174456,24.298529
40,0.181669,0.162463,0.202619,0.174023,24.794217
